time,HVCurrent,F2Signal,GLVTemp
1.123,0.000000,-2.000000,0.000000
1.142,0.000000,-2.000000,-272.666300
1.271,140.312300,-2.000000,-272.666300
3.094,55.031300,5.000000,-271.159140
3.109,55.031300,5.000000,-275.303830
