time,HVCurrent,F2Signal,GLVTemp
1.050,0.000000,-2.000000,0.000000
1.065,0.000000,-2.000000,-272.666300
1.226,140.312300,-2.000000,-272.666300
2.948,55.031300,5.000000,-271.159140
2.962,55.031300,5.000000,-275.303830
3.084,169.197800,5.000000,-275.303830
4.934,160.944800,-2.000000,-272.666300
4.951,160.944800,-2.000000,-272.289510
5.058,138.936800,-2.000000,-272.289510
5.895,138.936800,-3.000000,-272.289510
5.928,138.936800,-3.000000,-271.912720
