time,HVCurrent,F2Signal,GLVTemp
1.094,0.000000,-2.000000,0.000000
1.113,0.000000,-2.000000,-272.666300
1.238,140.312300,-2.000000,-272.666300
3.068,55.031300,5.000000,-271.159140
3.081,55.031300,5.000000,-275.303830
