time,HVCurrent,F2Signal,GLVTemp
1.172,0.000000,-2.000000,0.000000
1.193,0.000000,-2.000000,-272.666300
