time,HVCurrent,F2Signal,GLVTemp
1.050,0.000000,-2.000000,0.000000
1.065,0.000000,-2.000000,-272.666300
