time,HVCurrent,F2Signal,GLVTemp
1.172,0.000000,-2.000000,0.000000
1.193,0.000000,-2.000000,-272.666300
1.320,140.312300,-2.000000,-272.666300
3.183,55.031300,5.000000,-271.159140
3.197,55.031300,5.000000,-275.303830
