time,HVCurrent,F2Signal,GLVTemp
1.184,0.000000,-2.000000,0.000000
1.203,0.000000,-2.000000,-272.666300
1.334,140.312300,-2.000000,-272.666300
3.162,55.031300,5.000000,-271.159140
3.178,55.031300,5.000000,-275.303830
