time,HVCurrent,F2Signal,GLVTemp
1.181,0.000000,-2.000000,0.000000
1.201,0.000000,-2.000000,-272.666300
1.305,140.312300,-2.000000,-272.666300
3.234,55.031300,5.000000,-271.159140
3.247,55.031300,5.000000,-275.303830
