GLVCurrent,GLVTemp,GLVVoltage
46.925,-0.001000,-270.405560,0.033750
46.939,-0.001000,-271.159140,0.033750
