time,HVCurrent,F2Signal,GLVTemp
1.123,0.000000,-2.000000,0.000000
1.142,0.000000,-2.000000,-272.666300
1.271,140.312300,-2.000000,-272.666300
3.094,55.031300,5.000000,-271.159140
3.109,55.031300,5.000000,-275.303830
3.225,169.197800,5.000000,-275.303830
5.086,160.944800,-2.000000,-272.666300
5.099,160.944800,-2.000000,-272.289510
5.198,138.936800,-2.000000,-272.289510
6.053,138.936800,-3.000000,-272.289510
6.081,138.936800,-3.000000,-271.912720
