time,HVCurrent,F2Signal,GLVTemp
1.149,0.000000,-2.000000,0.000000
1.165,0.000000,-2.000000,-272.666300
1.292,140.312300,-2.000000,-272.666300
3.135,55.031300,5.000000,-271.159140
3.150,55.031300,5.000000,-275.303830
3.279,169.197800,5.000000,-275.303830
5.139,160.944800,-2.000000,-272.666300
5.156,160.944800,-2.000000,-272.289510
5.270,138.936800,-2.000000,-272.289510
6.087,138.936800,-3.000000,-272.289510
6.114,138.936800,-3.000000,-271.912720
