time,HVCurrent,F2Signal,GLVTemp
1.184,0.000000,-2.000000,0.000000
1.203,0.000000,-2.000000,-272.666300
