time,HVCurrent,F2Signal,GLVTemp
1.094,0.000000,-2.000000,0.000000
1.114,0.000000,-2.000000,-272.666300
1.245,140.312300,-2.000000,-272.666300
3.048,55.031300,5.000000,-271.159140
3.062,55.031300,5.000000,-275.303830
3.191,169.197800,5.000000,-275.303830
5.051,160.944800,-2.000000,-272.666300
5.068,160.944800,-2.000000,-272.289510
5.184,138.936800,-2.000000,-272.289510
6.011,138.936800,-3.000000,-272.289510
6.040,138.936800,-3.000000,-271.912720
